COUNTRY,COUNTRY_GRP,YEAR,VALUE
EST,,2010,76.11
,NORDIC,1976,74.21
DNK,,1986,74.91
HUN,,2014,76.02
DNK,,1993,75.37
ARM,,1976,72.68
RUS,,2011,70.03
,WHO_EURO,2002,74.22
HUN,,2015,76.01
DEU,,1998,77.83
LVA,,1988,71
ISR,,2008,81.24
PRT,,1988,73.84
FRA,,2012,82.32
,WHO_EURO,2001,74.21
,EU_MEMBERS,1987,74.78
DNK,,1972,73.51
EST,,2005,73.08
BIH,,2014,77.54
SVK,,1982,70.86
SVK,,1986,70.92
,NORDIC,2006,80.13
ITA,,1971,71.89
MDA,,2015,71.65
SMR,,1996,81.41
DNK,,2002,77.27
LVA,,1995,66.44
POL,,2012,76.97
,NORDIC,2002,78.94
LTU,,1986,72.32
CZE,,2006,76.82
ESP,,2012,82.56
ARM,,1985,72.57
DNK,,2015,81.03
CZE,,2009,77.5
MLT,,1981,71.29
CZE,,2003,75.4
GEO,,2009,73.77
GRC,,2010,80.69
KAZ,,2001,65.88
ITA,,2010,82.5
RUS,,1995,64.7
ARM,,1980,72.89
DNK,,2011,80.07
SVK,,1985,70.83
,EU_AFTER_MAY2004,2012,76.26
DNK,,1998,76.74
SMR,,2005,82.78
LVA,,1983,69.43
,NORDIC,1997,78.08
GRC,,1977,74.73
GRC,,2011,80.9
ISR,,2014,82.79
GEO,,2015,73.01
PRT,,1979,70.84
ARM,,1990,72.08
DNK,,1970,73.51
RUS,,1997,66.88
LVA,,1994,65.62
,NORDIC,2015,81.85
IRL,,1988,74.33
LVA,,1985,69.58
,WHO_EURO,1997,73.62
ARM,,1989,72.25
,WHO_EURO,1995,72.75
DNK,,1999,76.53
ALB,,2008,78.9
SMR,,2006,81.7
,NORDIC,2004,79.58
SVK,,1980,70.5
LVA,,1974,69.95
GEO,,1986,71.84
SVK,,1984,70.85
,EU_AFTER_MAY2004,1994,71.02
ITA,,2002,80.38
ARM,,1974,73.45
AUT,,2008,80.72
UZB,,1980,67.16
,CARINFONET,1988,68.25
,EU_AFTER_MAY2004,2013,76.58
DNK,,1989,75.12
CZE,,2002,75.51
RUS,,1991,69.03
RUS,,2008,68.02
,CIS,1991,69.22
RUS,,1972,68.76
FIN,,2014,81.35
,NORDIC,1994,77.58
RUS,,1973,68.76
ISL,,1987,77.45
,NORDIC,1971,73.41
DEU,,2004,79.36
DNK,,1971,73.51
,EU_AFTER_MAY2004,2014,76.95
HUN,,1970,69.3
CZE,,1992,72.43
RUS,,1987,70
UKR,,2010,70.32
CYP,,2016,82.74
ARM,,2014,75.18
DNK,,1995,75.47
SWE,,2001,80.01
AUT,,1971,70.28
KGZ,,1997,66.78
,EU_MEMBERS,1981,73.58
BEL,,2000,77.96
BLR,,2011,70.77
RUS,,1998,67.24
LVA,,1991,69.18
IRL,,1991,75.03
RUS,,2003,64.97
RUS,,2000,65.46
CZE,,1996,74.02
ARM,,1972,73.25
KGZ,,2010,69.51
DEU,,2012,81.08
RUS,,2005,65.42
,CIS,1987,70.06
,CIS,1988,69.7
GRC,,2009,80.34
ARM,,1979,72.54
,SEEHN,2014,76.35
,NORDIC,1984,75.97
RUS,,1971,68.86
,EU_MEMBERS,2007,79.36
,NORDIC,1993,76.99
RUS,,1974,68.77
SMR,,1997,82.37
LTU,,2012,74.16
CYP,,2003,79.66
SVK,,2013,76.7
GEO,,2000,74
RUS,,2006,66.71
AUT,,2012,81.19
RUS,,1979,67.48
,WHO_EURO,1975,71.25
,WHO_EURO,1992,73.21
RUS,,2012,70.47
,CIS,2014,71.67
UZB,,1977,68.05
,WHO_EURO,1980,71.75
SVK,,1988,72.15
ARM,,1977,72.99
TKM,,2000,67.7
LVA,,1973,69.99
BLR,,2000,68.99
,EU_AFTER_MAY2004,1992,70.84
GRC,,1986,76.51
LUX,,2011,81.65
CZE,,1998,74.74
CZE,,1989,71.8
ARM,,1975,72.59
DNK,,1991,75.47
,EU_AFTER_MAY2004,2015,76.87
BIH,,1989,72.01
KGZ,,2013,70.97
DEU,,2000,78.41
ESP,,2009,81.91
BEL,,2011,80.66
TJK,,1991,70.12
CZE,,1994,73.15
ESP,,1980,75.6
,SEEHN,2004,73.43
GRC,,2000,78.23
CZE,,2007,77.1
,EU_MEMBERS,1989,75.06
RUS,,1981,67.78
,CIS,2005,67.05
CHE,,1996,79.31
ARM,,1992,71.54
RUS,,1977,67.88
RUS,,1978,67.88
HUN,,1988,70.16
RUS,,2007,67.66
CZE,,2012,78.24
,WHO_EURO,1996,73.17
CZE,,1997,74.13
DEU,,2005,79.54
CZE,,2000,75.21
ISR,,1983,74.82
,CIS,1981,68.3
EST,,2002,71.52
ROU,,1975,69.81
KAZ,,2002,66.18
LVA,,1971,69.84
SRB,,2001,72.41
GRC,,1987,76.25
BEL,,2013,80.79
CZE,,2004,75.96
MLT,,2005,79.49
ARM,,1973,73.33
ISL,,1989,78.28
HRV,,1986,71.77
,SEEHN,1987,70.78
,CARINFONET,1991,68.67
SVK,,1989,71.17
SVK,,1990,71.14
SVK,,1991,71.06
,NORDIC,1974,74.02
IRL,,1979,72.11
RUS,,2013,70.96
,NORDIC,1985,75.72
IRL,,1973,71.09
DEU,,1997,77.52
GRC,,2001,78.62
ARM,,1993,71.15
ITA,,1997,78.84
RUS,,1975,68.17
GRC,,2004,79.04
CZE,,1988,71.78
LVA,,1999,70.18
,EU_BEFORE_MAY2004,2008,80.82
AUT,,2003,78.89
,WHO_EURO,1978,71.6
RUS,,2002,65.13
,WHO_EURO,1983,72.25
GEO,,2001,74.61
EST,,1987,70.93
UZB,,1978,68.11
UZB,,1979,67.9
DNK,,2007,78.61
GEO,,1992,72.93
LVA,,1970,69.89
LVA,,1972,70.05
GRC,,1981,75.76
RUS,,1984,67.61
CZE,,1991,72.06
BLR,,2013,72.8
LVA,,1975,69.16
GRC,,2015,81.1
FRA,,1987,76.88
ITA,,1990,77.2
RUS,,1980,67.54
BLR,,2014,73.37
FRA,,1997,79.24
,CIS,1985,68.66
LVA,,1986,71
SRB,,2004,72.77
,CARINFONET,1999,68.72
RUS,,1970,68.51
ITA,,1995,78.17
,SEEHN,2003,73
,NORDIC,1989,76.43
LVA,,1993,66.7
,SEEHN,1995,71.16
LUX,,2008,81.54
RUS,,1988,69.79
ITA,,1970,71.62
AUT,,1983,73.26
,SEEHN,1990,71.33
,SEEHN,1994,71.16
TUR,,2012,79.88
EST,,2009,75.38
ROU,,2011,74.6
HUN,,2016,76.33
IRL,,2004,78.69
SRB,,2000,71.7
KGZ,,1981,66.89
GEO,,1995,74.22
GRC,,1983,75.8
AUT,,1982,73.26
GEO,,1989,72.21
UZB,,1984,67.26
SRB,,2002,72.39
LUX,,1973,70.83
CHE,,1997,79.46
GBR,,1974,72.33
,EU_AFTER_MAY2004,1993,71
,WHO_EURO,2004,74.73
BLR,,2005,68.84
MDA,,1995,65.88
,EU_MEMBERS,1984,74.18
DEU,,1999,78.09
,EU_MEMBERS,1986,74.42
DNK,,1976,73.92
,SEEHN,1989,71.15
ARM,,1978,72.64
AND,,2006,81.5
LVA,,1992,68.59
ARM,,1984,72.64
,EU_MEMBERS,2002,77.87
,EU_MEMBERS,1999,77.01
GRC,,1985,75.99
,EU_MEMBERS,1996,76.32
PRT,,1984,72.71
RUS,,1989,69.65
TUR,,2010,76.99
ALB,,2000,75.1
ESP,,1975,73.26
ITA,,1996,78.56
GEO,,1988,71.91
FRA,,1982,75.41
HUN,,1972,69.83
LUX,,1981,72.45
ARM,,2001,75.9
UKR,,2000,67.88
,WHO_EURO,1987,73.3
ISR,,2003,79.72
ISR,,1989,76.38
SWE,,2009,81.6
FIN,,1970,70.4
UZB,,1983,67.3
ISR,,1977,73.11
GRC,,1982,76
ITA,,2013,82.92
ESP,,2001,79.8
SWE,,1979,75.66
LUX,,1975,71.03
ISR,,1984,75.02
FRA,,1988,77.15
TJK,,2000,72.5
ESP,,1998,78.73
CHE,,1992,78.22
SVK,,1987,72.34
ISR,,2011,82.33
DNK,,1981,74.46
SVN,,2011,80.24
,SEEHN,1992,71.14
LUX,,1997,77.79
HUN,,2012,75.33
,SEEHN,2002,72.77
ESP,,1997,78.71
UKR,,2006,67.99
LUX,,2002,78.96
,NORDIC,1986,76.01
CZE,,2005,76.18
LTU,,1994,68.6
,EU_AFTER_MAY2004,2009,75.29
EST,,1988,71.01
IRL,,2003,78.28
UZB,,1970,72.85
EST,,1997,70.19
DNK,,2010,79.52
CHE,,2010,82.82
UZB,,1974,70.06
AUT,,1979,72.61
UZB,,1976,68.4
AZE,,1997,71
DNK,,1975,74.27
AZE,,2000,71.6
SVN,,1993,73.6
TUR,,2014,78.55
FIN,,1985,74.48
CHE,,2005,81.57
EST,,2014,77.47
PRT,,2014,81.39
HUN,,1998,70.97
HUN,,1981,69.23
RUS,,1993,65.14
LVA,,1976,69.01
ISR,,1985,75.37
CZE,,1980,70.3
CZE,,1981,70.65
PRT,,1996,75.34
,EU_AFTER_MAY2004,1984,70.57
KGZ,,2012,70.25
HUN,,2005,73.01
,CIS,1982,68.7
,SEEHN,1993,71.22
,CIS,1990,69.64
GRC,,1984,76.25
IRL,,1985,73.53
ESP,,1991,77.09
EST,,2006,73.28
SWE,,2015,82.23
CZE,,2011,78.06
CHE,,2004,81.44
FIN,,2012,80.83
RUS,,1976,67.92
EST,,2007,73.33
DNK,,1974,74.04
DEU,,2009,80.41
BIH,,2011,76.66
IRL,,1984,73.63
HRV,,2016,78.27
CZE,,1990,71.52
,WHO_EURO,1979,71.69
EST,,2000,71.3
LUX,,1976,71.02
UKR,,1986,71.36
TJK,,1987,69.16
TUR,,2015,78.63
,EU_BEFORE_MAY2004,1975,72.68
GRC,,1990,77.19
LTU,,2004,72.05
PRT,,1977,70
KAZ,,2003,65.94
,WHO_EURO,2011,77.14
PRT,,1987,73.82
GRC,,2008,80.13
GEO,,1996,75.15
CZE,,1982,70.75
MDA,,2008,69.41
TKM,,2013,70.68
BGR,,1996,70.94
,EU_AFTER_MAY2004,1974,70.8
,CARINFONET,2002,68.96
,SEEHN,2001,72.87
HUN,,1993,69.17
,SEEHN,2000,72.51
LUX,,1978,72.04
,SEEHN,2005,73.58
CHE,,1988,77.62
MLT,,1977,71.23
SRB,,2010,74.39
TJK,,1992,68.02
GEO,,2010,74.74
ITA,,2001,80.09
IRL,,1987,74.4
PRT,,1994,75.52
,WHO_EURO,1993,72.62
GEO,,1998,73.9
CZE,,1987,71.58
PRT,,1990,74.1
UKR,,1973,70.83
HUN,,2009,74.45
GEO,,2005,74.09
,EU_AFTER_MAY2004,2006,74.45
GEO,,1990,72.99
,NORDIC,1988,76.07
FRA,,2004,80.5
KAZ,,2015,72.04
CZE,,2010,77.81
,WHO_EURO,2010,76.73
CHE,,1972,73.88
PRT,,2013,80.97
BLR,,2010,70.52
NOR,,1982,76.21
BGR,,1999,71.66
PRT,,2008,79.55
FRA,,2011,82.41
NOR,,1984,76.41
NOR,,2004,80.17
MKD,,1991,72.14
TJK,,2002,72.15
ROU,,2013,75
DNK,,2005,78.44
,NORDIC,1983,75.71
NLD,,1997,78.1
GRC,,1972,73.99
GRC,,1994,77.73
SWE,,2014,82.44
GRC,,1995,77.67
LUX,,1980,72.7
,EU_AFTER_MAY2004,2008,75.04
,EU_BEFORE_MAY2004,2012,81.64
EST,,1999,70.64
SWE,,2008,81.35
ISR,,1973,72.33
MNE,,2001,73.85
IRL,,1998,76.24
UZB,,1973,70.64
KGZ,,1989,68.54
UZB,,1975,68.25
GBR,,1989,75.56
GRC,,1991,77.32
EST,,2001,71.03
SVN,,1988,73.13
GBR,,1970,71.87
HUN,,1982,69.41
RUS,,1986,70
UKR,,1985,69.94
RUS,,2001,65.38
,CARINFONET,1987,68.5
,EU_AFTER_MAY2004,1989,70.91
GBR,,2006,79.66
AUT,,1994,76.71
LUX,,1994,77.05
CHE,,2003,80.81
LVA,,1977,69.3
LVA,,1978,69.21
LVA,,1979,68.76
LVA,,1987,71.05
,EU_AFTER_MAY2004,2002,73.44
HUN,,1976,69.65
ROU,,2016,75.37
ARM,,1983,72.83
NLD,,2012,81.33
ESP,,1994,78.07
LUX,,1982,72.55
,EU_MEMBERS,1995,76.07
MLT,,2000,78.23
,SEEHN,1986,71.04
DEU,,2007,80.21
DNK,,1997,76.27
DEU,,2011,80.95
TUR,,2011,77.23
FIN,,1986,74.87
EST,,2008,74.44
,WHO_EURO,1973,71.23
,WHO_EURO,1974,71.46
IRL,,1996,75.88
MLT,,2004,79.43
GBR,,2011,81.21
SWE,,1994,79.03
SWE,,1990,77.77
DNK,,2008,78.98
SRB,,2013,75.31
SWE,,1974,75.1
SRB,,2005,72.86
RUS,,1983,68.2
GEO,,1982,71.86
GEO,,1999,73.84
ISR,,2010,82.23
LTU,,2002,71.86
MDA,,2005,67.75
CZE,,2001,75.49
ARM,,1971,74.26
UZB,,2013,73.55
RUS,,1992,67.92
,CARINFONET,1986,68.5
ISL,,1977,76.55
,EU_BEFORE_MAY2004,1990,76.48
DEU,,1990,75.53
KGZ,,1991,68.77
LVA,,1989,70.51
,EU_BEFORE_MAY2004,2003,79.12
IRL,,2001,77.23
RUS,,2004,65.4
HUN,,1995,70.05
AUT,,2000,78.47
,SEEHN,2006,74.05
BIH,,1988,72.11
CZE,,1993,72.94
ISL,,2011,82.54
TJK,,1994,65.85
BIH,,1990,72.98
IRL,,1971,71.6
UKR,,1970,70.58
UKR,,2012,71.29
,WHO_EURO,1986,73.11
TJK,,1995,68.31
ITA,,1983,74.75
ITA,,1981,74.9
ITA,,1999,79.34
TJK,,1996,68.59
HUN,,1990,69.45
HUN,,1999,70.75
CZE,,2008,77.42
ISR,,2009,82.07
ISR,,1987,75.5
UKR,,1988,71.02
TJK,,1998,70.92
TJK,,1999,71.92
BGR,,1974,71.17
DNK,,1987,75.01
GRC,,1992,77.29
CHE,,1982,76.36
AUT,,2015,81.45
DNK,,1980,74.23
GRC,,1998,78.04
SVN,,1998,75.34
,CARINFONET,1990,69.11
,CARINFONET,1992,68.27
GEO,,2006,74.42
,SEEHN,1998,71.77
,CARINFONET,2003,69.14
SMR,,2000,82.27
HUN,,2004,73.03
FRA,,1975,73.48
ROU,,1971,68.67
CHE,,1995,78.82
SVN,,2008,79.3
AZE,,1987,70.21
ISR,,1972,71.93
DNK,,2000,77.21
BGR,,2012,74.44
SWE,,1997,79.49
ISR,,1974,72.11
FIN,,1999,77.63
MLT,,1993,77.01
CZE,,2013,78.4
IRL,,1978,71.87
MNE,,2003,73.82
AZE,,1992,68.89
SRB,,2014,75.42
SWE,,1971,74.75
IRL,,1992,75.45
,CARINFONET,1985,67.6
AUT,,1981,73.08
SVN,,2002,76.72
EST,,2003,72.02
BEL,,1978,72.76
FRA,,1993,78.1
DNK,,1992,75.48
GRC,,1988,76.85
SWE,,2004,80.54
BLR,,2002,68.01
BLR,,1999,67.99
FIN,,2001,78.35
BLR,,1998,68.55
GRC,,2002,78.8
,EU_AFTER_MAY2004,2004,73.98
FIN,,1975,71.93
CHE,,2006,81.97
LUX,,1983,73.29
MDA,,1981,66.22
ISL,,1998,79.76
PRT,,1980,71.15
BLR,,2009,70.62
FIN,,1998,77.47
MLT,,1984,73.33
KGZ,,1990,68.82
DEU,,2003,78.72
SRB,,2006,73.48
DNK,,1988,75.1
GRC,,2014,81.56
BLR,,1989,71.83
LVA,,2015,75.11
LVA,,1980,69.15
BLR,,1986,72.38
LTU,,1996,70.31
,CIS,2000,67
GRC,,1999,78.12
ARM,,2008,73.67
GEO,,2013,75.36
ESP,,1996,78.21
SVN,,2001,76.48
ARM,,2012,74.64
,CIS,2003,66.82
POL,,2002,74.64
GRC,,1976,74.62
ROU,,1990,69.78
HRV,,1985,71.46
LUX,,2009,81.55
FRA,,2013,82.61
LTU,,2001,71.71
ROU,,2004,71.87
BEL,,2002,78.32
LUX,,1979,72.56
ARM,,1991,72.58
,SEEHN,1988,71
,SEEHN,1991,71.36
,SEEHN,2012,75.91
BLR,,1987,72.22
NLD,,2015,81.73
LTU,,1981,70.53
MDA,,2016,72.32
GEO,,2012,74.55
CHE,,1993,78.48
ISR,,1986,75.21
HUN,,1994,69.64
CHE,,1976,75.06
ISR,,1997,78.3
,CARINFONET,2011,71.66
ITA,,1982,75
TJK,,1993,61.84
ISR,,2000,78.98
ISR,,2013,82.67
ITA,,1974,72.99
ISL,,1992,78.87
UKR,,1971,70.83
UKR,,2005,67.29
BIH,,1985,71.3
SWE,,2011,81.99
LTU,,1970,70.78
UKR,,1976,69.95
UKR,,1977,69.87
UKR,,1978,69.82
BGR,,1990,71.48
ESP,,1974,73.51
GEO,,2011,74.56
HUN,,1983,69.01
AUT,,1986,74.6
IRL,,1994,75.78
PRT,,2001,77.19
KGZ,,1996,66.66
MLT,,2006,79.63
BGR,,1975,71.01
HUN,,1975,69.48
TJK,,2001,72.17
MLT,,2007,80.06
DNK,,1994,75.56
ISL,,2007,81.6
GRC,,1978,75.27
,CARINFONET,1997,67.35
,SEEHN,2013,76.33
SVN,,2014,81.34
ALB,,2009,79.64
,WHO_EURO,1991,73.31
HUN,,2002,72.64
ESP,,2013,83.22
MDA,,2006,68.5
UKR,,2003,67.83
ROU,,1981,69.57
NOR,,2006,80.7
ROU,,1999,70.59
UZB,,1971,73.21
UZB,,1972,71.3
ROU,,1982,69.76
FIN,,1987,74.95
MKD,,2007,73.83
FIN,,2000,77.87
FRA,,1971,72.88
SVN,,1995,74.9
DEU,,2006,79.99
ISL,,1984,77.7
ISL,,2009,81.93
GRC,,1993,77.57
NLD,,1988,77.18
CZE,,1974,70.07
CZE,,1975,70.39
EST,,2004,72.5
NLD,,1983,76.43
TKM,,1994,63.96
LUX,,2007,80.3
TKM,,1996,64.66
LUX,,1986,74.47
CZE,,1983,70.55
CZE,,1984,70.66
GBR,,1980,73.58
,EU_AFTER_MAY2004,1985,70.39
,EU_BEFORE_MAY2004,2002,79.13
HUN,,2001,72.56
KGZ,,1993,66.79
KAZ,,1990,68.8
KAZ,,2012,69.74
ALB,,2004,76.24
ESP,,1984,76.58
PRT,,1983,72.46
SWE,,2005,80.82
LTU,,1991,70.64
FIN,,1973,71.45
ESP,,2015,82.97
POL,,2010,76.54
SVN,,2005,77.57
LTU,,1990,71.54
LVA,,1996,68.8
CHE,,1999,79.98
LUX,,2014,83.03
,EU_AFTER_MAY2004,1991,70.73
KAZ,,2000,65.75
HRV,,2003,74.73
MDA,,2003,68.07
ROU,,1977,69.43
FIN,,1976,72.11
DNK,,2009,79.2
MLT,,2002,78.73
,CIS,2001,67.1
,NORDIC,1990,76.42
BGR,,1995,70.99
TKM,,1988,65.15
BLR,,1996,68.61
BEL,,2012,80.51
ARM,,1970,73.03
CHE,,1986,77.27
,NORDIC,2007,80.23
GRC,,1974,74.76
NOR,,1981,76.02
,NORDIC,2009,80.7
BGR,,1994,70.84
BGR,,2010,73.81
MLT,,1983,72.01
ROU,,2014,75.07
MDA,,2012,71.13
AUT,,1990,75.9
BGR,,1971,70.86
IRL,,2011,80.86
MKD,,2011,75.19
KGZ,,1970,67.88
,SEEHN,2009,75.08
KGZ,,1972,67.91
LTU,,1998,71.44
DNK,,1984,74.85
ISL,,2012,83.12
,CARINFONET,2013,72.41
,WHO_EURO,1982,72.31
ISR,,1995,77.5
PRT,,1995,75.35
KAZ,,2013,70.76
CHE,,1990,77.59
NOR,,2007,80.75
GEO,,1987,72.03
NOR,,1992,77.39
NOR,,1975,74.9
BGR,,1976,71.37
ITA,,2014,83.29
CZE,,1986,71.14
LTU,,1980,70.5
LTU,,1976,70.85
KAZ,,2011,69.2
HUN,,2008,74.23
IRL,,1986,73.53
GRC,,1979,75.52
NLD,,2000,78.28
AUT,,2016,81.93
AUT,,1972,70.61
IRL,,1975,71.53
BEL,,1980,73.2
ISL,,1975,75.51
FRA,,2014,83.14
CZE,,1995,73.3
,SEEHN,1997,71.29
AUT,,2010,80.88
CYP,,2001,79.35
UKR,,2002,67.85
ALB,,2001,77.18
IRL,,1990,74.81
UZB,,1994,67.47
CHE,,2013,83.08
MKD,,2005,73.8
MNE,,2000,74.15
ISR,,1970,71.63
ISR,,1971,72.2
MDA,,2014,71.6
AZE,,1999,71.73
MLT,,1970,70.47
GBR,,2015,81.11
MNE,,2002,74.08
MLT,,1990,76.19
,EU_BEFORE_MAY2004,2011,81.64
MLT,,1994,77.02
SWE,,1995,79.07
LUX,,2004,80.04
SWE,,2007,81.19
,CARINFONET,1982,67.26
AZE,,2002,72.41
GBR,,1977,73.1
AZE,,1998,71.73
KGZ,,2007,67.9
DEU,,1993,76.26
IRL,,2000,76.6
,EU_AFTER_MAY2004,1995,71.24
IRL,,1980,72.45
DNK,,1996,75.88
DNK,,2013,80.56
LVA,,1984,69.45
,EU_AFTER_MAY2004,2001,73.3
,EU_AFTER_MAY2004,1988,71.04
,EU_AFTER_MAY2004,2003,73.58
DEU,,2010,80.63
HUN,,2003,72.59
LVA,,2012,74.13
MLT,,1999,77.31
,EU_BEFORE_MAY2004,2007,80.65
,EU_MEMBERS,1993,75.61
CHE,,2007,82.16
LTU,,1982,70.9
LTU,,1997,71.15
TKM,,1999,67.57
UZB,,2010,72.96
MLT,,1982,72.22
BLR,,1985,70.96
MLT,,1989,75.96
BLR,,1981,71.37
ESP,,1999,78.79
POL,,2011,76.91
,CIS,1999,67.33
KGZ,,1982,67.63
KGZ,,1992,68.28
SRB,,2012,74.94
ISR,,1982,74.28
MNE,,1991,75.74
TKM,,2011,70.95
,NORDIC,1987,76.09
MLT,,1988,75.37
,CIS,2002,66.86
,CARINFONET,1995,66.52
ESP,,2008,81.52
TJK,,1989,69.4
FIN,,2004,78.98
BLR,,2004,68.97
MLT,,2003,78.63
DEU,,2002,78.75
ROU,,2012,74.57
,EU_BEFORE_MAY2004,1993,77
,CARINFONET,1993,66.44
SRB,,2003,72.55
ISL,,2003,81.17
SRB,,1999,71.77
RUS,,1990,69.28
SVK,,1998,72.8
SVK,,1999,73.24
RUS,,1982,68.39
DNK,,1973,73.82
UKR,,1996,67.18
,CARINFONET,2004,69.73
SMR,,1995,79.94
,EU_AFTER_MAY2004,2007,74.66
GEO,,1991,73.06
IRL,,2005,79.2
CHE,,1979,75.8
BLR,,2008,70.58
,WHO_EURO,1981,72.04
ISL,,2004,81.18
LTU,,1987,72.21
LUX,,1998,78.08
LTU,,1983,70.97
UKR,,1972,70.63
IRL,,1983,73.03
,EU_BEFORE_MAY2004,1988,76.16
NLD,,1992,77.53
UKR,,1974,70.74
UKR,,1975,70.16
SRB,,2015,75.37
HUN,,1971,69.18
UKR,,1983,69.98
HUN,,1997,71.06
LTU,,1977,70.8
GRC,,2003,78.93
IRL,,1993,75.33
NOR,,2013,81.93
GRC,,1997,78.12
DNK,,1983,74.67
UKR,,1994,67.71
AUT,,2014,81.79
KGZ,,2000,67.83
UKR,,1987,71.14
FRA,,1976,73.75
FRA,,1980,74.91
ISL,,1999,79.47
HUN,,2011,75.15
FIN,,2010,80.34
UKR,,2008,68.07
LUX,,1991,75.58
DNK,,2014,80.99
DNK,,1985,74.71
GRC,,1996,77.79
DNK,,1982,74.84
SVN,,1989,73.55
UKR,,2009,69.69
LTU,,2015,74.62
FIN,,1989,75.1
ISL,,2000,79.81
TUR,,2013,78.9
SVN,,1986,72.66
FIN,,1971,70.19
DEU,,1996,77.09
LUX,,1995,77.4
UKR,,1982,70
HRV,,2009,76.42
DEU,,2008,80.29
DEU,,2015,80.85
PRT,,1976,69.02
BEL,,1997,77.54
LUX,,1974,71.07
FRA,,1994,78.61
NLD,,1989,77
LUX,,2003,78.46
SWE,,2000,79.92
ALB,,2005,76.83
,WHO_EURO,2007,75.71
,WHO_EURO,2008,75.98
,WHO_EURO,2009,76.4
ESP,,1993,77.74
ESP,,1992,77.61
SWE,,1996,79.29
SWE,,2003,80.37
IRL,,1974,70.96
,EU_BEFORE_MAY2004,1991,76.61
LUX,,1985,73.75
LUX,,2001,78.84
SVN,,2000,76.28
SWE,,1988,77.14
TKM,,1998,66.11
GBR,,1998,77.54
SWE,,1989,77.84
GEO,,2014,73.08
BEL,,2001,78.32
TUR,,2009,76.21
ISR,,1996,78.42
,CIS,1993,66.35
BLR,,1994,68.99
IRL,,1972,70.88
CHE,,1998,79.73
,NORDIC,2011,81.23
,EU_AFTER_MAY2004,1990,70.84
LUX,,1992,76.12
FIN,,1983,74.55
FIN,,1972,70.91
,CIS,1992,68.37
SVN,,1987,72.48
AUT,,1973,71.15
,CARINFONET,1981,67.22
,EU_BEFORE_MAY2004,1973,72.29
MNE,,1990,77.55
NLD,,2009,81
,EU_BEFORE_MAY2004,1978,73.59
FIN,,1990,75.12
NLD,,2016,81.8
ARM,,2015,75.17
ARM,,1999,74.84
UKR,,2014,71.44
CHE,,1983,76.32
ROU,,2000,71.24
,SEEHN,1985,70.64
ISR,,1990,76.83
LTU,,2000,72.2
BLR,,2007,70.38
IRL,,2012,80.93
CHE,,1970,73.24
BLR,,1995,68.58
LUX,,1989,75
ARM,,1982,73.39
LUX,,1993,76.02
,SEEHN,1996,71.14
BLR,,2001,68.53
CHE,,1975,74.95
LUX,,1972,70.87
BLR,,1997,68.57
,CARINFONET,2010,71.49
SMR,,1999,81.63
ISR,,1998,78.46
,EU_BEFORE_MAY2004,2014,82.22
KGZ,,1977,65.89
AUT,,1995,76.97
ISR,,1981,74.49
,EU_BEFORE_MAY2004,1985,75.32
,EU_BEFORE_MAY2004,1987,76.01
DNK,,1979,74.45
HUN,,1973,69.66
BGR,,2000,71.71
CYP,,2012,81.77
SWE,,2012,81.9
BGR,,1972,70.84
HUN,,2007,73.65
FRA,,1999,79.02
ESP,,1978,74.39
SWE,,1975,75.08
ESP,,1977,74.25
NOR,,2011,81.52
NLD,,1981,76.19
ALB,,1992,73.22
TKM,,2001,69.07
HUN,,1980,69.11
HUN,,2000,71.49
IRL,,2006,79.4
MKD,,2002,73.16
FRA,,1977,74.39
ISR,,1991,76.82
PRT,,1986,73.41
CYP,,2000,77.89
ROU,,1984,69.91
MDA,,2000,67.75
BEL,,2014,81.51
ROU,,1998,69.92
NOR,,1972,74.44
NOR,,1990,76.7
KAZ,,2014,71.6
ESP,,1972,73.58
ESP,,1985,76.48
ISR,,2012,82.27
MKD,,1993,72.02
NLD,,2002,78.56
MKD,,2008,74.51
ESP,,2004,80.46
ITA,,1977,73.64
ITA,,1980,74.38
ISR,,2004,80.19
ITA,,2011,82.41
,SEEHN,2011,75.82
CHE,,2012,82.98
CZE,,1971,69.67
,EU_MEMBERS,1982,73.82
CZE,,1972,70.36
CZE,,1973,69.99
GBR,,1992,76.57
KGZ,,1994,65.43
CZE,,1976,70.52
CZE,,1977,70.55
CZE,,1978,70.64
CZE,,1979,70.74
POL,,1989,71.11
ROU,,1985,69.41
KAZ,,1989,68.77
KAZ,,2007,66.42
HRV,,2007,75.89
KAZ,,2004,66.25
SVN,,1996,75.24
BLR,,1982,71.5
UZB,,2012,73.13
KGZ,,2008,68.54
LUX,,1987,74.11
ITA,,1973,71.92
HRV,,2000,72.99
MDA,,2007,68.94
FIN,,1984,74.91
KAZ,,2010,68.61
GBR,,2009,80.54
LUX,,1999,78.94
SVN,,1999,75.76
FIN,,1974,71.39
MLT,,1975,70.35
CHE,,2001,80.51
,CIS,1995,65.86
,CIS,1996,66.62
,CIS,1997,67.41
ROU,,1976,69.94
POL,,1972,70.99
ROU,,1970,68.04
SRB,,2011,74.64
,EU_AFTER_MAY2004,2000,72.94
,CIS,1989,69.87
NLD,,2003,78.79
POL,,2006,75.38
,EU_BEFORE_MAY2004,1972,72.19
,CARINFONET,1998,67.55
MNE,,1994,75.04
,CIS,2008,68.97
GRC,,1975,74.49
,EU_BEFORE_MAY2004,1983,74.77
ESP,,2011,82.45
CZE,,2014,79.02
CHE,,1985,77.09
LTU,,2007,70.78
,EU_BEFORE_MAY2004,1995,77.52
,NORDIC,2010,80.9
,EU_BEFORE_MAY2004,1999,78.36
MDA,,1986,68.26
MKD,,2012,75.01
NOR,,1993,77.31
NOR,,2010,81.33
BGR,,2014,74.57
,WHO_EURO,1970,70.89
,WHO_EURO,1971,71.08
,WHO_EURO,1972,71.19
BLR,,1991,70.68
HUN,,1974,69.58
ARM,,1998,74.91
BGR,,2002,72.16
KGZ,,1978,66.1
KGZ,,1983,67.18
,WHO_EURO,1988,73.29
FRA,,2001,79.43
IRL,,1981,72.83
IRL,,1995,75.48
ISR,,2015,82.58
BGR,,1993,71.15
LTU,,1974,71.29
LTU,,1979,70.5
POL,,1997,72.75
NOR,,1989,76.65
UKR,,1984,69.68
IRL,,1976,71.78
GEO,,1997,74.17
SWE,,2002,80.09
FRA,,2009,81.75
IRL,,2002,77.75
ALB,,1997,75.36
UZB,,2005,70.54
,EU_MEMBERS,1992,75.55
BEL,,1979,73.31
ARM,,2013,75.17
KGZ,,1988,68.15
AUT,,1991,75.95
AUT,,1977,72.19
,WHO_EURO,2005,74.79
ESP,,1970,72.88
,CARINFONET,2008,70.66
IRL,,1999,76.11
,CARINFONET,2001,68.99
ROU,,1993,69.51
MLT,,1973,69.94
MLT,,1985,73.17
SWE,,1992,78.33
MLT,,1974,70.77
MKD,,1994,72.24
AZE,,1994,67.93
MKD,,2009,74.51
GBR,,2007,79.86
KGZ,,2003,67.92
UKR,,1998,68.62
PRT,,1973,67.89
ESP,,2002,79.88
PRT,,1992,74.67
GBR,,2000,78.06
MLT,,1986,74.61
SWE,,1973,74.97
MLT,,1998,77.48
UZB,,2009,72.95
ISL,,1973,74.49
FIN,,2005,79.35
SWE,,1970,74.83
SWE,,2010,81.76
,EU_AFTER_MAY2004,1996,71.51
,EU_AFTER_MAY2004,1997,71.74
CHE,,2008,82.45
,EU_AFTER_MAY2004,1998,72.12
NOR,,2014,82.33
IRL,,1997,76.03
SRB,,2009,74.07
CHE,,2009,82.49
POL,,2013,77.21
,EU_AFTER_MAY2004,1971,69.88
LUX,,1984,73.28
SRB,,2007,73.69
POL,,2014,77.89
KAZ,,1991,68.37
TKM,,1986,64.14
FIN,,1982,74.67
BGR,,2006,72.76
CHE,,1987,77.61
ALB,,1998,75.25
GRC,,2005,79.32
ISR,,1979,73.69
ALB,,1993,73.74
MLT,,1976,70.12
ALB,,2003,75.77
,EU_AFTER_MAY2004,1987,70.76
ISR,,1978,73.34
,CIS,1998,67.84
FIN,,2002,78.46
MNE,,1988,77.74
,EU_AFTER_MAY2004,1999,72.41
MNE,,1987,76.04
AUT,,1975,71.35
FIN,,1978,73.16
TKM,,1989,65.17
MDA,,2001,68.28
,CIS,1986,70.1
MNE,,1993,75.33
,NORDIC,1982,75.69
TJK,,1988,68.43
,CIS,2007,68.57
HRV,,1999,72.82
TJK,,1990,69.78
HRV,,2002,74.84
KAZ,,1981,66.95
ROU,,1992,69.58
LTU,,1989,71.82
LVA,,1982,69.65
,CARINFONET,2014,72.62
,CARINFONET,1989,68.77
SVK,,2010,75.66
ISL,,1988,77.2
SVK,,1997,72.95
IRL,,1970,70.74
DNK,,2004,77.98
AUT,,1999,78.13
,CIS,2011,70.8
HRV,,2013,77.85
ISL,,2010,82.02
BLR,,1990,71.24
,CARINFONET,2009,71.48
,CARINFONET,2007,70.09
LVA,,1998,69.11
KGZ,,1976,65.88
IRL,,2007,79.77
ESP,,1986,76.74
,WHO_EURO,1984,72.35
LTU,,1984,70.39
SMR,,1998,81.29
,EU_MEMBERS,1970,71.35
ESP,,2010,82.32
,EU_MEMBERS,1972,71.79
,EU_MEMBERS,1973,71.85
ISL,,1979,76.91
,EU_MEMBERS,1975,72.19
UKR,,1979,69.68
UKR,,1980,69.63
EST,,2011,76.69
LTU,,1975,70.94
,EU_MEMBERS,1979,73.13
AUT,,2002,79.01
GEO,,2004,71.8
BEL,,1995,77.06
UKR,,2007,67.67
FRA,,1990,77.62
HUN,,1987,69.77
KGZ,,2001,68.71
SVN,,2009,79.46
PRT,,1985,72.94
HUN,,1992,69.17
ISL,,2006,81.32
DNK,,1990,75.11
,EU_MEMBERS,2005,78.66
EST,,2012,76.75
LUX,,2015,83.08
,EU_MEMBERS,2009,79.84
SVN,,2015,80.98
HUN,,1989,69.66
CHE,,2000,80.11
FRA,,1995,78.71
UKR,,2011,71.12
FRA,,1992,78.08
FRA,,1991,77.78
SVN,,1992,73.77
UKR,,1999,68.19
RUS,,1996,65.95
PRT,,1991,74.06
RUS,,1985,68.31
GBR,,1993,76.38
ESP,,1971,72.42
ISL,,1985,77.7
ITA,,1987,76.51
HRV,,2011,77.26
FRA,,2007,81.46
FRA,,1974,73.53
PRT,,1999,76.26
LUX,,1988,74.74
,WHO_EURO,2012,77.5
ITA,,1998,78.94
SVN,,2007,78.53
PRT,,1974,68.62
BGR,,2011,74.23
RUS,,2010,69.06
BEL,,2015,81.19
ALB,,2006,77.67
RUS,,2009,68.78
,EU_AFTER_MAY2004,1980,70.14
ALB,,2007,79.69
,EU_AFTER_MAY2004,1986,70.77
MDA,,2013,72
ALB,,1995,75.02
MLT,,2015,82.01
GRC,,2006,79.79
MDA,,2002,68.14
ITA,,1994,77.92
TKM,,2010,71.24
KAZ,,2008,67.2
ITA,,1985,75.69
HRV,,2014,78
AUT,,1985,74.11
NLD,,2006,80.07
TKM,,2012,71.2
NLD,,1990,77.18
SVN,,2006,78.35
,CIS,1994,65.6
KGZ,,2006,67.46
TKM,,1993,64.25
,EU_AFTER_MAY2004,1983,70.61
MNE,,2005,74.14
KAZ,,1999,66.01
ROU,,2001,71.27
GRC,,2007,79.55
HRV,,1988,71.89
MNE,,1985,75.27
MDA,,1993,67.66
FIN,,1991,75.56
CHE,,1984,76.97
BGR,,1997,70.28
,CARINFONET,1994,66.37
,EU_BEFORE_MAY2004,1974,72.68
TKM,,1985,64.65
MNE,,1996,75.85
,CIS,2009,69.83
MLT,,1987,74.76
NLD,,1996,77.72
,EU_BEFORE_MAY2004,1992,76.98
,EU_BEFORE_MAY2004,1994,77.42
ESP,,2007,81.19
ARM,,1997,74.08
ESP,,1990,77
NLD,,2014,81.75
,EU_BEFORE_MAY2004,1997,78.11
KAZ,,1986,68.93
LTU,,1985,70.62
ROU,,1978,69.85
,SEEHN,1999,72.26
SVK,,1996,72.98
NOR,,2003,79.71
BLR,,1988,72.01
DNK,,2012,80.39
LTU,,1988,72.05
LVA,,1997,69.44
LVA,,1990,69.58
,CARINFONET,1996,66.53
ISL,,1978,76.86
IRL,,2008,79.98
,WHO_EURO,2014,77.91
,WHO_EURO,2015,77.83
,WHO_EURO,1985,72.5
ISR,,1994,77.57
FRA,,1983,75.34
HUN,,2010,74.78
TJK,,1997,70.22
,EU_BEFORE_MAY2004,1989,76.34
CHE,,1981,76
ITA,,2000,79.74
CZE,,1999,74.94
LTU,,1973,71.44
,EU_MEMBERS,1977,72.79
,EU_MEMBERS,1978,72.87
NLD,,1975,74.65
ISL,,2002,80.62
AZE,,2003,72.01
,EU_AFTER_MAY2004,2011,76.15
TKM,,2007,69.69
UZB,,1989,69.3
MLT,,1971,70.72
ISL,,1986,78.05
IRL,,1989,74.4
KGZ,,1986,69.2
HUN,,2013,75.81
MLT,,2008,79.85
TJK,,2003,72.77
UKR,,1990,70.53
FRA,,2006,81.16
MKD,,2010,75.1
CYP,,2002,77.3
TJK,,2004,73.34
FRA,,2000,79.34
UZB,,1987,68.59
MLT,,2011,81.06
CHE,,1977,75.56
ITA,,1975,72.9
TKM,,2008,70.07
SVK,,2001,73.69
ITA,,2015,82.76
LTU,,2016,74.97
UKR,,1991,69.68
GBR,,1979,73.12
GBR,,2014,81.47
PRT,,1982,72.59
ROU,,1986,69.81
HRV,,1995,73.3
GBR,,2002,78.38
ISR,,2002,79.39
ESP,,2003,79.78
GBR,,1981,74.07
SVK,,2014,77.07
HRV,,2001,74.65
ITA,,1988,76.68
GBR,,1994,76.97
TKM,,1995,65.24
TKM,,1992,66.1
ROU,,2002,70.97
GBR,,1995,76.87
TKM,,2003,68.91
GBR,,1984,74.79
NLD,,2010,81.14
LUX,,1971,69.75
ALB,,1987,72.18
SRB,,2008,73.98
SWE,,1991,77.94
,EU_MEMBERS,1988,74.96
SVN,,1994,74.16
ROU,,2006,72.69
EST,,1996,70
NOR,,1978,75.59
POL,,2003,74.73
HRV,,1987,71.61
FIN,,1979,73.46
POL,,1971,69.91
ALB,,1999,76.32
MDA,,1987,68.69
NOR,,2008,80.94
ALB,,1988,72.54
GBR,,1985,74.65
TKM,,1990,66.59
PRT,,2004,78.44
SRB,,1998,71.76
GEO,,1985,71.74
NLD,,1984,76.51
MNE,,1986,75.61
ITA,,1989,77.1
HRV,,2006,76.01
MNE,,2004,74.25
AUT,,2009,80.57
ITA,,1984,75.56
,NORDIC,1975,74.2
MNE,,2006,74.12
ITA,,2007,81.69
NOR,,1987,76.27
BEL,,1983,73.86
AUT,,1992,76.13
MNE,,1997,74.63
,EU_BEFORE_MAY2004,1979,73.91
BGR,,2003,72.39
NLD,,1985,76.54
AUT,,1974,71.22
TKM,,1981,63.67
FIN,,1977,72.58
LTU,,2009,73.01
ROU,,1980,69.23
EST,,1994,66.76
PRT,,2002,77.41
ROU,,1974,69.91
BGR,,2004,72.6
,CIS,2004,67.19
IRL,,2009,79.98
UZB,,2014,73.53
SWE,,1981,76.16
BGR,,1973,71.36
AUT,,1987,75.05
ARM,,2000,75.73
LTU,,1995,69.15
ESP,,2005,80.44
ARM,,1994,72.52
SWE,,1998,79.58
BGR,,1992,71.19
BGR,,2005,72.59
KGZ,,1984,66.34
NLD,,1976,74.81
BEL,,1994,76.88
LTU,,1971,71.49
BGR,,2001,71.91
,EU_MEMBERS,1976,72.43
KAZ,,1997,64.81
AZE,,1989,70.83
,EU_AFTER_MAY2004,1975,70.56
NLD,,1970,73.71
,EU_AFTER_MAY2004,2005,74.08
SWE,,1999,79.63
GEO,,1981,71.23
ISL,,1980,76.93
UKR,,1981,69.76
ROU,,1988,69.39
UZB,,2003,70.36
ISL,,1981,76.49
UZB,,1988,68.52
IRL,,2010,80.8
BEL,,1987,75.5
ALB,,1994,75.68
,CARINFONET,2012,71.93
SWE,,1985,76.84
GBR,,2010,80.78
MLT,,1972,71.58
,NORDIC,2014,81.89
LVA,,2005,70.72
AZE,,1993,68.6
NLD,,1972,73.84
AZE,,1991,71.07
GBR,,1976,72.6
GBR,,2003,78.44
DEU,,1991,75.72
LUX,,1990,75.53
LUX,,1977,72.64
SVN,,1997,75.26
ROU,,1987,69.07
HUN,,1984,69.11
ISL,,2008,81.74
ITA,,2005,80.9
ISL,,1983,76.85
SWE,,1972,74.83
KGZ,,1998,67.23
SWE,,1984,77.01
KGZ,,2005,67.73
NLD,,1986,76.52
KAZ,,2006,66.22
LUX,,2010,81.48
KGZ,,1995,65.5
ALB,,1989,71.97
GBR,,1982,74.15
KGZ,,1985,67
MLT,,1980,70.37
SWE,,1978,75.61
GBR,,1988,75.44
MNE,,2009,75.63
DEU,,2013,80.71
HRV,,1989,72.29
,EU_AFTER_MAY2004,1981,70.63
GRC,,1980,75.38
NOR,,2002,79.14
BEL,,1992,76.54
ISL,,1994,79.35
BGR,,1983,71.34
AUT,,2005,79.66
FIN,,1993,75.99
BGR,,1986,71.57
AUT,,2007,80.46
AUT,,1989,75.6
HRV,,1997,72.62
POL,,1970,69.98
UZB,,2011,72.96
POL,,2001,74.28
TKM,,1997,65.55
KAZ,,1988,68.55
KGZ,,2011,69.86
GEO,,2003,72
CHE,,1971,73.33
GEO,,2002,71.5
MDA,,1997,66.98
MDA,,1996,66.73
GRC,,1971,74.09
CYP,,2013,82.55
,NORDIC,1979,74.91
,NORDIC,1978,74.89
TJK,,1986,69.58
MNE,,1992,75.02
TJK,,1985,68.77
ITA,,1993,77.7
FIN,,2006,79.67
NOR,,1971,74.28
,EU_BEFORE_MAY2004,1980,74.16
POL,,1999,73.16
HRV,,1998,72.49
CHE,,2002,80.85
LTU,,1999,71.82
CHE,,1989,77.8
BLR,,1993,69.21
,NORDIC,2003,79.29
BEL,,1988,75.77
BGR,,2009,73.77
LUX,,2000,79.07
,EU_BEFORE_MAY2004,2006,80.46
RUS,,1999,66.03
KAZ,,1987,68.81
,CARINFONET,2005,69.33
,CARINFONET,2006,69.72
ISL,,1971,73.73
GEO,,2007,75.24
KGZ,,1971,68.79
IRL,,1977,71.92
PRT,,2009,79.77
KGZ,,1974,68.39
KGZ,,1975,66.39
LTU,,1992,70.49
PRT,,2012,80.61
ISL,,2016,82.37
BIH,,1987,71.88
ISL,,1990,78.22
,EU_MEMBERS,1971,71.49
FRA,,1973,73.39
FRA,,2010,81.97
ISL,,2015,82.66
ISR,,1975,72.23
DNK,,2001,77.3
BIH,,1986,71.79
IRL,,1982,73.07
KGZ,,2015,71.75
NLD,,1974,74.73
,EU_MEMBERS,1983,73.8
KAZ,,1994,65.9
MKD,,2003,73.42
POL,,1990,71
SVN,,2010,79.96
GBR,,1975,72.62
KGZ,,2004,68.06
SVN,,1990,74.09
DNK,,1978,74.67
POL,,1994,71.79
DNK,,2006,78.5
CYP,,2015,81.67
BEL,,2005,79.19
CYP,,2010,82.2
,EU_MEMBERS,2004,78.53
ISL,,2001,80.85
FIN,,1980,73.73
FRA,,1972,73.1
SVN,,1985,72.19
,EU_BEFORE_MAY2004,2000,78.75
RUS,,1994,64.03
HUN,,1991,69.5
ITA,,1991,77.17
NLD,,2001,78.49
BGR,,2007,73.07
MKD,,1996,72.87
ISR,,1988,75.82
SVK,,2005,74.24
GBR,,1996,77.15
PRT,,1972,68.67
TKM,,1991,65.58
NLD,,1999,78.1
ISL,,1976,77.03
BEL,,1999,77.85
ITA,,1992,77.46
,WHO_EURO,1994,72.59
,WHO_EURO,2000,73.98
LTU,,2014,74.79
SVN,,2004,77.32
ISL,,1996,78.93
AUT,,1996,77.24
FRA,,1970,72.93
AUT,,2013,81.4
LVA,,2011,73.92
SVN,,2003,76.52
FIN,,2003,78.71
TKM,,1987,65.28
SWE,,1983,76.73
MDA,,2010,69.13
BGR,,1981,71.61
POL,,1987,70.98
,NORDIC,2008,80.48
MDA,,1982,66.56
AUT,,1997,77.61
GBR,,1978,73.04
EST,,1981,69.26
GBR,,2001,78.26
UZB,,1981,68.24
ITA,,1978,74.03
EST,,1986,70.87
ROU,,1991,70.11
MDA,,1992,67.93
HRV,,2004,75.65
ITA,,1976,73.31
TKM,,1982,64.8
,EU_AFTER_MAY2004,1982,70.73
POL,,1986,70.91
GBR,,1999,77.62
POL,,1978,70.75
AUT,,1984,73.87
EST,,1982,69.73
AUT,,2001,78.95
ESP,,1973,73.2
MDA,,1985,66.14
,NORDIC,1977,74.78
PRT,,2010,80.06
BGR,,1982,71.2
NOR,,1986,76.38
,NORDIC,1981,75.31
,CIS,2006,68
EST,,1989,70.59
MNE,,1995,74.93
POL,,1988,71.4
NOR,,1985,76.08
FIN,,1995,76.75
,NORDIC,2005,79.93
EST,,1993,68.14
,EU_BEFORE_MAY2004,1996,77.75
,CIS,2013,71.58
,NORDIC,1999,78.31
KAZ,,1985,67.54
CYP,,1999,78.15
ISR,,2001,79.43
LVA,,1981,69.05
,WHO_EURO,1990,73.4
,EU_BEFORE_MAY2004,2010,81.36
,EU_BEFORE_MAY2004,2013,81.83
LTU,,1993,69
SVK,,1994,72.5
ARM,,1988,60.97
BEL,,1993,76.49
ESP,,1989,77.02
ROU,,1994,69.36
KGZ,,1973,67.54
DEU,,2014,81.26
ARM,,1981,73.83
ESP,,1981,75.76
SVK,,2002,73.88
IRL,,2013,81.12
HUN,,2006,73.57
BEL,,1986,74.83
ISL,,1972,74.64
NLD,,1977,75.46
LVA,,2009,72.81
HUN,,1985,69.15
LTU,,1972,71.09
CYP,,2011,81.92
,EU_AFTER_MAY2004,2010,75.7
ESP,,1979,74.97
AUT,,1993,76.33
ISL,,1974,74.58
ISL,,2013,82.24
PRT,,1989,74.4
LVA,,2000,70.51
,EU_MEMBERS,1991,75.24
ARM,,1986,73.1
UZB,,2004,71.17
HRV,,1991,71
ISR,,1999,78.75
ROU,,1972,69.25
UZB,,1991,69.09
KGZ,,2002,67.99
,WHO_EURO,1989,73.41
LTU,,2006,71.02
HRV,,1990,72.56
CHE,,1991,77.9
HRV,,2005,75.44
MKD,,2006,73.97
FRA,,1986,75.92
ESP,,1987,77.01
SVK,,2000,73.44
MKD,,2004,73.64
TJK,,2005,73.72
UKR,,2004,67.71
HUN,,1996,70.65
,EU_MEMBERS,2010,80.16
BGR,,1980,71.09
KGZ,,2009,69.13
UKR,,1995,66.87
ITA,,2008,81.9
SWE,,2013,82.11
ITA,,2003,80.17
ITA,,2006,81.58
HRV,,2010,76.86
,WHO_EURO,1977,71.55
MDA,,1998,67.93
MDA,,2011,70.96
BGR,,1988,71.41
POL,,1974,71.68
,SEEHN,2007,74.51
AUT,,2006,80.19
LTU,,2013,74.19
GRC,,1989,77.03
FIN,,2009,80.18
HRV,,2008,76.14
ROU,,2003,71.32
,EU_AFTER_MAY2004,1979,70.57
,EU_AFTER_MAY2004,1970,69.8
GBR,,2012,81.12
PRT,,1998,76.02
EST,,1990,69.94
ALB,,1990,72.61
MKD,,1998,72.49
NOR,,2001,79.05
BEL,,1984,74.34
BGR,,1984,71.4
EST,,2015,78.02
UZB,,1985,68.02
CYP,,2014,82.39
CHE,,1974,74.55
SVK,,2006,74.53
AUT,,1988,75.52
NOR,,1998,78.52
ALB,,2002,76.4
CHE,,2011,83
BEL,,2003,78.45
MDA,,1988,68.74
UZB,,1998,68.67
CZE,,2015,78.77
ROU,,2005,72.21
POL,,2015,77.64
,NORDIC,1973,73.89
PRT,,1978,70.24
BEL,,1971,71.13
MNE,,1989,77.51
BGR,,1977,70.77
,EU_BEFORE_MAY2004,1971,71.97
,EU_BEFORE_MAY2004,1970,71.81
BEL,,1974,72
,EU_BEFORE_MAY2004,1976,72.97
NLD,,1978,75.34
BEL,,2010,80.3
NOR,,1997,78.36
ISR,,1976,73.13
BLR,,1992,70.36
,NORDIC,2000,78.68
PRT,,1997,75.82
MKD,,2001,73.59
,EU_MEMBERS,2000,77.44
,CARINFONET,2000,68.56
FIN,,1988,74.91
BEL,,1998,77.69
,EU_BEFORE_MAY2004,2009,81.08
BEL,,2008,80
BLR,,2003,68.53
BEL,,2004,79.11
GBR,,2008,79.97
MKD,,1995,72.21
POL,,2004,74.98
PRT,,1993,74.54
BEL,,1975,72.04
,WHO_EURO,2013,77.69
PRT,,2011,80.72
NOR,,1988,76.38
KGZ,,1979,65.75
SWE,,1987,77.29
KGZ,,1987,68.69
ISR,,1993,77.27
HRV,,1993,72.65
GBR,,2013,81.16
,EU_MEMBERS,1974,72.25
MLT,,1997,77.57
ESP,,1982,76.39
KAZ,,1995,64.65
FRA,,1985,75.99
POL,,1998,73.14
FRA,,2008,81.56
AUT,,2004,79.43
UZB,,1997,68.81
,EU_AFTER_MAY2004,1977,70.43
,EU_MEMBERS,1990,75.16
KGZ,,2014,71.06
POL,,1993,71.68
ESP,,2014,83.35
BEL,,1977,72.89
GBR,,1986,74.93
FRA,,1978,74.48
NOR,,1995,77.92
,EU_MEMBERS,1998,76.81
ISL,,1995,78.03
,NORDIC,2012,81.32
,NORDIC,2013,81.56
MKD,,2000,73.23
LVA,,2004,70.98
GBR,,1983,74.39
LVA,,2006,70.6
PRT,,2007,79.3
LUX,,2012,82.18
NLD,,1979,75.86
NLD,,1982,76.26
UZB,,2002,70.01
BGR,,1979,71.21
LUX,,2013,82.72
MDA,,1990,68.64
CYP,,2008,81.17
UKR,,2001,68.09
ISL,,2014,83.04
UZB,,1986,68.48
KAZ,,2009,68.69
GBR,,1971,72.27
NLD,,2008,80.67
ITA,,1986,76.04
UZB,,1990,69.71
UKR,,1993,68.32
NLD,,1998,78.17
BGR,,1970,71.28
BGR,,2013,74.96
FIN,,1994,76.79
,WHO_EURO,2003,74.23
AZE,,2001,72.38
MNE,,2007,74.68
MNE,,2008,75.5
MDA,,1989,69.11
EST,,1985,69.65
ITA,,1972,72.08
DNK,,1977,74.93
UZB,,2000,69.57
NLD,,2007,80.53
NOR,,1974,74.86
ITA,,2012,82.39
BEL,,1990,76.26
SVN,,2012,80.39
POL,,1996,72.38
GBR,,2005,79.28
UZB,,1995,67.88
SVK,,1993,72.62
CYP,,2006,80.65
MLT,,1991,75.98
FRA,,1989,77.3
MLT,,1996,77.47
ITA,,1979,74.37
GRC,,1970,73.81
NOR,,1970,74.16
AUT,,1970,70.02
LUX,,1996,77.16
FIN,,2013,81.24
,EU_MEMBERS,2001,77.74
GBR,,1987,75.37
GBR,,1972,71.96
KGZ,,1999,68.33
BEL,,1970,71.02
AZE,,1988,69.77
TJK,,1981,67.02
TJK,,1982,67.21
,NORDIC,1980,75.05
EST,,1991,69.79
NOR,,2012,81.66
EST,,1992,69.19
,EU_BEFORE_MAY2004,1977,73.5
NOR,,1983,76.25
POL,,1984,70.92
,EU_BEFORE_MAY2004,1986,75.54
KAZ,,1982,67.34
BEL,,1989,75.79
GRC,,2012,80.82
ISL,,1991,78.06
,EU_MEMBERS,1994,75.95
SVK,,2008,75.05
,EU_MEMBERS,1997,76.65
CHE,,1994,78.79
,EU_MEMBERS,2006,79.16
CYP,,2007,80.48
SVK,,2007,74.65
POL,,1980,70.35
KAZ,,1998,65
POL,,1979,71.17
SVK,,1995,72.45
NLD,,1994,77.67
SVK,,2012,76.33
MLT,,1992,75.63
ISL,,2005,81.61
BEL,,1996,77.4
,EU_MEMBERS,2008,79.58
DEU,,1995,76.83
,EU_BEFORE_MAY2004,1982,74.76
HRV,,2012,77.38
SWE,,1986,77.12
SVK,,2003,73.88
KAZ,,1996,64.39
UKR,,1992,69.09
MLT,,2001,78.84
POL,,1977,70.82
MKD,,1999,72.92
FRA,,2002,79.54
NOR,,1979,75.55
ESP,,1983,76.16
FRA,,1981,75.03
AUT,,1978,72.24
DNK,,2003,77.58
,EU_MEMBERS,1985,74.16
SVN,,1991,73.69
ARM,,2002,72.88
SWE,,1993,78.32
ROU,,1983,69.74
LVA,,2008,72.13
NOR,,1996,78.39
SWE,,2006,81.05
NOR,,2005,80.48
BEL,,1991,76.41
NLD,,1995,77.7
MLT,,1995,77.32
,EU_BEFORE_MAY2004,2004,79.81
UKR,,1997,67.77
POL,,1995,72.01
HUN,,1977,69.92
TKM,,2006,69.6
UZB,,1982,67.56
ISL,,1997,78.97
ISL,,1982,77.21
LUX,,2006,80.09
BEL,,1985,74.66
PRT,,2000,76.85
AZE,,1990,71.35
ROU,,1996,68.85
ISR,,2005,80.22
,EU_BEFORE_MAY2004,1984,75.28
FRA,,1998,78.88
NOR,,1994,77.93
SVK,,2004,74.31
BGR,,1989,71.47
BGR,,1978,71.12
UKR,,2015,72.5
POL,,2000,73.86
HRV,,1994,73.16
BGR,,1987,71.37
ROU,,2015,75.11
MDA,,1994,66.05
ITA,,2009,82.07
,WHO_EURO,2006,75.4
ESP,,1976,73.81
SWE,,1976,75.07
PRT,,1971,67.06
SVK,,2009,75.42
FIN,,1992,75.8
ISL,,1993,79.07
NOR,,1977,75.52
,WHO_EURO,1998,73.86
ARM,,2009,73.85
TKM,,2004,69.53
CHE,,1978,75.48
ROU,,2007,73.27
ESP,,1995,78.1
SVK,,1992,72.1
ESP,,2000,79.48
,EU_BEFORE_MAY2004,2005,79.93
BEL,,1976,72.23
LTU,,2011,73.8
BGR,,1985,71.21
NLD,,2004,79.41
EST,,1998,69.79
MLT,,1978,69.84
KAZ,,2005,65.92
DEU,,2001,78.75
DEU,,1992,76.21
KAZ,,1992,68.23
ISR,,2007,80.7
KGZ,,1980,65.85
TKM,,2009,71.31
KAZ,,1993,66.38
POL,,1991,70.68
NLD,,1971,73.95
,EU_MEMBERS,2015,80.88
UZB,,1996,67.84
EST,,2013,77.43
GBR,,2004,79.03
ROU,,1995,69.38
ARM,,2003,73.08
,EU_AFTER_MAY2004,1976,70.6
,NORDIC,1996,77.89
,CIS,2010,70.08
FIN,,1997,77.24
NLD,,1973,74.3
,NORDIC,2001,78.89
,NORDIC,1992,76.99
BEL,,1972,71.44
AZE,,2007,73.77
LVA,,2003,70.73
LVA,,2013,74.42
NOR,,1973,74.6
MLT,,2009,80.5
HUN,,1986,69.31
PRT,,2003,77.55
CHE,,1973,74.18
AZE,,1995,69.46
TKM,,2005,68.9
LUX,,2005,80.26
ROU,,2010,73.83
MLT,,2012,80.99
,EU_BEFORE_MAY2004,2001,79.02
AZE,,1996,70.42
MLT,,1979,71.16
LTU,,2008,71.82
SWE,,1980,75.87
BEL,,1981,73.59
AZE,,2004,72.47
NOR,,1991,77.21
NOR,,2015,82.5
ISR,,2006,80.68
MLT,,2014,82.24
FIN,,2011,80.76
POL,,1981,71.32
ISR,,1992,76.66
UKR,,1989,70.97
,WHO_EURO,1976,71.34
POL,,1975,71.1
ITA,,2004,80.97
BIH,,1991,72.46
GBR,,1997,77.41
,EU_AFTER_MAY2004,1978,70.47
FRA,,2005,80.48
NLD,,2013,81.58
,WHO_EURO,1999,73.83
BEL,,2009,80.28
UZB,,1992,68.75
POL,,2009,75.91
CYP,,2009,81.59
NLD,,2011,81.44
POL,,2008,75.73
,EU_MEMBERS,2003,77.89
ESP,,2006,81.21
LVA,,2002,70.25
HRV,,1992,71.78
BGR,,1991,71.45
LVA,,2001,69.95
DEU,,1994,76.59
AUT,,1998,77.93
NLD,,1980,76
LVA,,2010,73.16
ARM,,1996,73.21
ROU,,1973,68.81
POL,,1982,71.4
SWE,,1982,76.51
ROU,,1997,69.15
,EU_BEFORE_MAY2004,1981,74.47
AUT,,1976,71.8
AZE,,1981,69.13
FIN,,2008,80.03
,EU_MEMBERS,2013,80.72
CYP,,2004,79.83
FRA,,1979,74.79
,NORDIC,1972,73.63
PRT,,1981,71.82
MDA,,1991,67.69
ARM,,1987,73.07
,EU_MEMBERS,1980,73.23
ALB,,1996,74.79
GRC,,1973,74.27
BGR,,1998,70.93
,CIS,2012,71.15
,EU_BEFORE_MAY2004,1998,78.19
NLD,,2005,79.67
HRV,,2015,77.52
POL,,1976,71
NOR,,1980,75.84
GBR,,1973,72.13
ISR,,1980,73.99
BGR,,2008,73.41
NLD,,1993,77.16
CYP,,2005,79.23
LTU,,2010,73.32
HRV,,1996,72.69
NLD,,1987,77.01
BEL,,2006,79.79
BEL,,2007,79.9
,SEEHN,2008,74.79
UZB,,1993,67.96
HUN,,1979,69.64
GBR,,1991,76.15
AZE,,1985,69.82
,EU_MEMBERS,2012,80.5
NOR,,1999,78.53
LVA,,2014,74.77
ARM,,1995,72.99
MLT,,2013,81.97
MDA,,2009,69.44
SWE,,1977,75.53
,NORDIC,1995,77.56
HUN,,1978,69.41
,EU_MEMBERS,2014,81.11
,NORDIC,1970,73.46
,EU_BEFORE_MAY2004,2015,81.92
MLT,,2010,81.55
,NORDIC,1991,76.75
LVA,,2007,70.85
BEL,,1982,73.87
FIN,,1996,77.05
MDA,,2004,68.58
,NORDIC,1998,78.31
CHE,,1980,75.77
MKD,,1992,71.27
AUT,,2011,81.27
FRA,,2003,79.44
,EU_MEMBERS,2011,80.47
FIN,,1981,74.06
ESP,,1988,76.98
GBR,,1990,75.96
NOR,,2009,81.16
NLD,,1991,77.32
TKM,,2002,68.79
LTU,,2003,72.13
NOR,,1976,75.14
AUT,,1980,72.78
EST,,1995,67.79
BEL,,1973,71.66
,SEEHN,2010,75.27
SVN,,2013,80.56
PRT,,1975,68.97
POL,,2005,75.12
AZE,,1986,70.03
MKD,,1997,72.75
POL,,1973,70.97
ROU,,2008,73.47
MDA,,1999,67.62
POL,,1992,71.19
MKD,,2013,75.52
FRA,,1984,75.9
FIN,,2007,79.7
NOR,,2000,78.84
UZB,,1999,69.88
LTU,,2005,71.27
UZB,,2001,70.08
ROU,,2009,73.6
ROU,,1989,69.64
POL,,2007,75.45
AZE,,1982,69.65
POL,,1983,71.21
FRA,,1996,78.86
POL,,1985,70.63
,,,
Last update,2019.08.14 07:31:22 GMT,,
Description,Life expectancy at birth (years),,
Reference link,https://dw.euro.who.int/api/v3/measures/H2020_17?lang=En,,
,,,
Copyright,,,
Â© WHO Regional Office for Europe 2020. All rights reserved.,http://www.euro.who.int/en/home/copyright-notice,,
